"iso2c","iso3c","pc","abs","startYear","diffPc","EN","DE","FR","IT","ES","PT","RU","ZH","JA","AR"
"1A","ARB",8.9,34765,1990," + 2.5","Arab World","Arabische Welt","Monde arabe","Mondo arabo","Mundo árabe","Mundo Árabe","Арабский мир","阿拉伯世界","アラブ世界","العالم العربي"
"1W","WLD",3.3,243193,1990," + 0.4","World","Welt","Monde","Mondo","Mundo","Mundo","Мир","世界","世界","عالم"
"4E",NA,0.4,8360,1990," + 0.2",NA,NA,NA,NA,NA,NA,NA,NA,NA,NA
"7E",NA,6.9,28129,1990,"-0.9",NA,NA,NA,NA,NA,NA,NA,NA,NA,NA
"8S","SAS",0.7,11377,1990,"-0.7","South Asia","Südasien","Asie du Sud","Asia del sud","Asia del sur","Sul da Asia","Южная Азия","南亚","南アジア","جنوب آسيا"
"AD","AND",59.7,42,1990,"-11.7","Andorra","Andorra","Andorre","Andorra","Andorra","Andorra","Андорра","安道​​尔","アンドラ公国","أندورا"
"AE","ARE",88.4,8095,1990," + 16.3","United Arab Emirates","Vereinigte Arabische Emirate","Émirats arabes unis","Emirati Arabi Uniti","Emiratos Árabes Unidos","Emirados Árabes Unidos","Объединенные Арабские Эмираты","阿拉伯联合酋长国","アラブ首長国連邦","الإمارات العربية المتحدة"
"AF","AFG",1.2,382,1990," + 0.7","Afghanistan","Afghanistan","Afghanistan","Afghanistan","Afganistán","Afeganistão","Афганистан","阿富汗","アフガニスタン","أفغانستان"
"AG","ATG",30.6,28,1990," + 11.2","Antigua and Barbuda","Antigua und Barbuda","Antigua-et-Barbuda","Antigua e Barbuda","Antigua y Barbuda","Antigua e Barbuda","Антигуа и Барбуда","安提瓜和巴布达","アンティグア・バーブーダ","أنتيغوا وبربودا"
"AL","ALB",2,58,1990," + 0","Albania","Albanien","Albanie","Albania","Albania","Albânia","Албания","阿尔巴尼亚","アルバニア","ألبانيا"
"AM","ARM",6.3,191,1990,"-12.2","Armenia","Armenien","Arménie","Armenia","Armenia","Armênia","Армения","亚美尼亚","アルメニア","أرمينيا"
"AO","AGO",0.4,107,1990," + 0.1","Angola","Angola","Angola","Angola","Angola","Angola","Ангола","安哥拉","アンゴラ","أنغولا"
"AR","ARG",4.8,2086,1990,"-0.2","Argentina","Argentinien","Argentine","Argentina","Argentina","Argentina","Аргентина","阿根廷","アルゼンチン","الأرجنتين"
"AS","ASM",41.8,23,1990,"-3.4","American Samoa","Amerikanischen Samoa-Inseln","Samoa Américaines","Samoa americane","Samoa Americana","Samoa Americana","Самоа США","美属萨摩亚","アメリカ領サモア","ساموا الأمريكية"
"AT","AUT",17.5,1492,1990," + 7.2","Austria","Österreich","Autriche","Austria","Austria","Áustria","Австрия","奥地利","オーストリア","النمسا"
"AU","AUS",28.2,6764,1990," + 5.1","Australia","Australien","Australie","Australia","Australia","Austrália","Австралия","澳大利亚","オーストラリア","أستراليا"
"AW","ABW",34.8,36,1990," + 11.5","Aruba","Aruba","Aruba","Aruba","Aruba","Aruba","Аруба","阿鲁巴","アルバ","أروبا"
"AZ","AZE",2.7,264,1990,"-2.3","Azerbaijan","Aserbaidschan","Azerbaédjan","Azerbaigian","Azerbaiyán","Azerbaijão","Азербайджан","阿塞拜疆","アゼルバイジャン","آذربيجان"
"B8",NA,3.3,3395,1990,"-0.2",NA,NA,NA,NA,NA,NA,NA,NA,NA,NA
"BA","BIH",0.9,35,1990,"-0.3","Bosnia and Herzegovina","Bosnien und Herzegowina","Bosnie-Herzégovine","Bosnia-Erzegovina","Bosnia-Herzegovina","Bósnia E Herzegovina","Босния и Герцеговина","波斯尼亚和黑塞哥维那","ボスニア·ヘルツェゴビナ","البوسنة والهرسك"
"BB","BRB",12.1,34,1990," + 2.9","Barbados","Barbados","Barbade","Barbados","Barbados","Barbados","Барбадос","巴巴多斯","バルバドス","بربادوس"
"BD","BGD",0.9,1423,1990," + 0.1","Bangladesh","Bangladesch","Bangladesh","Bangladesh","Bangladés","Bangladesh","Бангладеш","孟加拉","バングラデシュ","بنغلاديش"
"BE","BEL",12.3,1388,1990," + 3.3","Belgium","Belgien","Belgique","Belgio","Bélgica","Bélgica","Бельгия","比利时","ベルギー","بلجيكا"
"BF","BFA",3.9,705,1990,"-0.1","Burkina Faso","Burkina Faso","Burkina Faso","Burkina Faso","Burkina Faso","Burkina Faso","Буркина-Фасо","布基纳法索","ブルキナファソ","بوركينا فاسو"
"BG","BGR",1.4,102,1990," + 1.2","Bulgaria","Bulgarien","Bulgarie","Bulgaria","Bulgaria","Bulgária","Болгария","保加利亚","ブルガリア","بلغاريا"
"BH","BHR",51.1,704,1990," + 16.2","Bahrain","Bahrein","Bahreïn","Bahrein","Baréin","Bahrain","Бахрейн","巴林","バーレーン","البحرين"
"BI","BDI",2.6,287,1990,"-3.4","Burundi","Burundi","Burundi","Burundi","Burundi","Burundi","Бурунди","布隆迪","ブルンジ","بوروندي"
"BJ","BEN",2.3,245,1990," + 0.7","Benin","Benin","Bénin","Benin","Benín","Benin","Бенин","贝宁","ベニン","بنين"
"BM","BMU",30.8,19,1990," + 5.1","Bermuda","Bermuda","Bermudes","Bermuda","Bermuda","Bermudas","Бермуды","百慕大","バミューダ諸島","برمودا"
"BN","BRN",24.3,103,1990,"-4.2","Brunei","Brunei","Brunei","Brunei","Brunéi","Brunei Darussalam","Бруней-Даруссалам","文莱","ブルネイ","بروناي"
"BO","BOL",1.3,143,1990," + 0.3","Bolivia","Bolivien","Bolivie","Bolivia","Bolivia","Bolívia","Боливия","玻利维亚","ボリビア","بوليفيا"
"BR","BRA",0.3,714,1990,"-0.2","Brazil","Brasilien","Brésil","Brasile","Brasil","Brasil","Бразилия","巴西","ブラジル","البرازيل"
"BS","BHS",15.3,59,1990," + 4.8","Bahamas","Bahamas","Bahamas","Bahamas","Bahamas","Bahamas","Багамские Острова","巴哈马","バハマ","جزر البهاما"
"BT","BTN",6.6,51,1990," + 2.2","Bhutan","Bhutan","Bhoutan","Bhutan","Bután","Butão","Бутан","不丹","ブータン","بوتان"
"BW","BWA",7.1,161,1990," + 5.1","Botswana","Botswana","Botswana","Botswana","Botsuana","Botswana","Ботсвана","博茨瓦纳","ボツワナ","بوتسوانا"
"BY","BLR",11.4,1083,1990,"-0.8","Belarus","Weissrussland","Bélarus","Bielorussia","Belarús","Bielorrússia","Беларусь","白俄罗斯","ベラルーシ","روسيا البيضاء"
"BZ","BLZ",15,54,1990,"-1.2","Belize","Belize","Belize","Belize","Belice","Belize","Белиз","伯利兹","ベリーズ","بليز"
"CA","CAN",21.8,7836,1990," + 6.1","Canada","Kanada","Canada","Canada","Canadá","Canadá","Канада","加拿大","カナダ","كندا"
"CD","COD",0.7,546,1990,"-1.5","Democratic Republic of the Congo","Demokratische Republik Kongo","La République démocratique du Congo","Repubblica democratica del Congo","República Democrática del Congo","República Democrática do Congo","Демократическая Республика Конго","刚果民主共和国","コンゴ共和国","جمهورية الكونغو الديمقراطية"
"CF","CAF",1.7,82,1990,"-0.6","Central African Republic","Zentralafrikanische Republik","République centrafricaine","Repubblica centrafricana","República Centroafricana","República Centroafricana","Центральноафриканская Республика","中非共和国","中央アフリカ","جمهورية افريقيا الوسطى"
"CG","COG",8.5,393,1990," + 3.1","Congo","Kongo","Congo","Congo","Congo","Congo","Конго","刚果","コンゴ（旧ザイール）","الكونغو"
"CH","CHE",29.4,2439,1990," + 8.5","Switzerland","Schweiz","Suisse","Svizzera","Suiza","Suíça","Швейцария","瑞士","スイス","سويسرا"
"CI","CIV",9.6,2175,1990,"-5.3","Cote d'Ivoire","Côte d'Ivoire","Côte d'ivoire","Costa d'Avorio","Costa de Marfil","Costa Do Marfim","Кот-д'Ивуар","科特迪瓦","コー​​トジボワール","كوت ديفوار"
"CL","CHL",2.6,469,1990," + 1.8","Chile","Chile","Chili","Cile","Chile","Chile","Чили","智利","チリ","تشيلي"
"CM","CMR",1.6,382,1990,"-0.6","Cameroon","Kamerun","Cameroun","Camerun","Camerún","Camarões","Камерун","喀麦隆","カメルーン","الكاميرون"
"CN","CHN",0.1,978,1990," + 0","China","China","Chine","Cina","China","China","Китай","中国","中国","الصين"
"CO","COL",0.3,133,1990," + 0","Colombia","Kolumbien","Colombie","Colombia","Colombia","Colômbia","Колумбия","哥伦比亚","コロンビア","كولومبيا"
"CR","CRI",8.8,422,1990,"-4.7","Costa Rica","Costa Rica","Costa Rica","Costa Rica","Costa Rica","Costa Rica","Коста-Рика","哥斯达黎加","コスタリカ","كوستا ريكا"
"CU","CUB",0.1,13,1990,"-0.2","Cuba","Kuba","Cuba","Cuba","Cuba","Cuba","Куба","古巴","キューバ","كوبا"
"CV",NA,2.9,15,1990," + 0.3",NA,NA,NA,NA,NA,NA,NA,NA,NA,NA
"CW","CUW",23.9,38,2010," + 0.5","Curacao","Curacao","Curaçao","Curaçao","Curaçao","Curaçao","Кюрасао","库拉索","キュラソー島","كوراكاو"
"CY","CYP",16.8,196,1990," + 11.1","Cyprus","Zypern","Chypre","Cipro","Chipre","Chipre","Кипр","塞浦路斯","キプロス","قبرص"
"CZ","CZE",3.8,405,1990," + 2.8","Czech Republic","Tschechische Republik","République tchèque","Repubblica Ceca","República Checa","República Tcheca","Чешская Республика","捷克共和国","チェコ","تشيكيا"
"DE","DEU",14.9,12006,1990," + 7.4","Germany","Deutschland","Allemagne","Germania","Alemania","Alemanha","Германия","德国","ドイツ","ألمانيا"
"DJ","DJI",12.7,112,1990,"-8.1","Djibouti","Djibouti","Djibouti","Gibuti","Yibuti","Djibouti","Джибути","吉布提","ジブチ","جيبوتي"
"DK","DNK",10.1,573,1990," + 5.5","Denmark","Dänemark","Danemark","Danimarca","Dinamarca","Dinamarca","Дания","丹麦","デンマーク","الدنمارك"
"DM","DMA",9.2,7,1990," + 5.7","Dominica","Dominica","Dominique","Dominica","Dominica","Dominica","Содру́жество Домини́ки","多米尼加","ドミニカ","دومينيكا"
"DO","DOM",3.9,416,1990,"-0.1","Dominican Republic","Dominikanische Republik","Dominicaine république","Repubblica dominicana","República Dominicana","República Dominicana","Доминиканская Республика","多明尼加","ドミニカ共和国","جمهورية الدومينيكان"
"DZ","DZA",0.6,242,1990,"-0.4","Algeria","Algerien","Algérie","Algeria","Argelia","Argélia","Алжир","阿尔及利亚","アルジェリア","الجزائر"
"EC","ECU",2.4,388,1990," + 1.6","Ecuador","Ecuador","Équateur","Ecuador","Ecuador","Equador","Эквадор","厄瓜多尔","エクアドル","الاكوادور"
"EE","EST",15.4,202,1990,"-9","Estonia","Estland","Estonie","Estonia","Estonia","Estônia","Эстония","爱沙尼亚","エストニア","استونيا"
"EG","EGY",0.5,492,1990," + 0.2","Egypt","Ägypten","Égypte","Egitto","Egipto","Egito","Египет","埃及","エジプト","مصر"
"ER","ERI",0.3,16,1990," + 0","Eritrea","Eritrea","Érythrée","Eritrea","Eritrea","Eritreia","Эритрея","厄立特里亚","エリトリア","إريتريا"
"ES","ESP",12.7,5853,1990," + 10.6","Spain","Spanien","Espagne","Spagna","España","Espanha","Испания","西班牙","スペイン","إسبانيا"
"ET","ETH",1.1,1073,1990,"-1.3","Ethiopia","Äthiopien","Éthiopie","Etiopia","Etiopía","Etiópia","Эфиопия","埃塞俄比亚","エチオピア","أثيوبيا"
"EU","EUU",10.7,54071,1990," + 5","European Union","Europäische Union","Union européenne","Unione europea","Unión Europea","União Europeia","Европейский союз","欧盟","欧州連合","الاتحاد الأوروبي"
"F1",NA,2.4,11722,1990,"-1.1",NA,NA,NA,NA,NA,NA,NA,NA,NA,NA
"FI","FIN",5.7,316,1990," + 4.5","Finland","Finnland","Finlande","Finlandia","Finlandia","Finlândia","Финляндия","芬兰","フィンランド","فنلندا"
"FJ","FJI",1.5,14,1990,"-0.3","Fiji","Fidschi","Fidji","Isole Figi","Fiyi","Fiji","Фиджи","斐济","フィジー","فيجي"
"FM","FSM",2.6,3,1990,"-1.2","Federated States of Micronesia","Föderierten Staaten von Mikronesien","États fédérés de Micronésie","Micronesia","Micronesia, Estados Federados de","Estados Federados da Micronésia","Микронезия, Федеративные Штаты","密克罗尼西亚","ミクロネシア連邦","ولايات ميكرونيزيا الموحدة"
"FO",NA,11.4,6,1990," + 2.5",NA,NA,NA,NA,NA,NA,NA,NA,NA,NA
"FR","FRA",12.1,7784,1990," + 1.7","France","Frankreich","France","Francia","Francia","França","Франция","法国","フランス","فرنسا"
"GA","GAB",15.6,268,1990," + 2.1","Gabon","Gabon","Gabon","Gabon","Gabón","Gabão","Габон","加蓬","ガボン","الغابون"
"GB","GBR",13.2,8543,1990," + 6.8","United Kingdom","Vereinigtes Königreich","Royaume-Uni","Regno Unito","Reino Unido","Reino Unido","Соединенное Королевство Великобритании и Северной Ирландии","英国","英国","المملكة المتحدة"
"GD","GRD",6.6,7,1990," + 2.2","Grenada","Grenada","Grenade","Grenada","Granada","Granada","Гренада","格林纳达","グレナダ","غرينادا"
"GE","GEO",4.2,169,1990,"-2","Georgia","Georgia","Géorgie","Georgia","Georgia","Georgia","Грузия","格鲁吉亚","ジョージア","جورجيا"
"GH","GHA",1.5,399,1990," + 0.3","Ghana","Ghana","Ghana","Ghana","Ghana","Gana","Гана","加纳","ガーナ","غانا"
"GI","GIB",34.3,11,1990," + 1.9","Gibraltar","Gibraltar","Gibraltar","Gibilterra","Gibraltar","Gibraltar","Гибралтар","直布罗陀","ジブラルタル","جبل طارق"
"GL","GRL",10.7,6,1990,"-6.2","Greenland","Grönland","Groenland","Groenlandia","Groenlandia","Groenlândia","Гренландия","格陵兰","グリーンランド","غرينلاند"
"GM","GMB",9.7,193,1990,"-3.2","Gambia","Gambia","Gambie","Gambia","Gambia","Gâmbia","Гамбия","冈比亚","ガンビア","غامبيا"
"GN","GIN",1.8,228,1990,"-4.9","Guinea","Guinea","Guinée","Guinea","Guinea","Guiné","Гвинея","几内亚","ギニア","غينيا"
"GQ","GNQ",1.3,11,1990," + 0.6","Equatorial Guinea","Äquatorialguinea","Guinée équatoriale","Guinea equatoriale","Guinea Ecuatorial","Guiné Equatorial","Экваториальная Гвинея","赤道几内亚","赤道ギニア","غينيا الاستوائية"
"GR","GRC",11.3,1243,1990," + 5.2","Greece","Griechenland","Grèce","Grecia","Grecia","Grécia","Греция","希腊","ギリシャ","اليونان"
"GT","GTM",0.5,76,1990,"-2.4","Guatemala","Guatemala","Guatemala","Guatemala","Guatemala","Guatemala","Гватемала","危地马拉","グアテマラ","غواتيمالا"
"GU","GUM",44.8,76,1990,"-8.7","Guam","Guam","Guam","Guam","Guam","Guam","Гуам","关岛","グアム","غوام"
"GW","GNB",1.2,22,1990,"-0.2","Guinea-Bissau","Guinea-Bissau","Guinée-Bissau","Guinea-Bissau","Guinea-Bisáu","Guiné-Bissau","Гвинея-Бисау","几内亚比绍","ギニアビサウ","غينيا-بيساو"
"GY","GUY",2,15,1990," + 1.4","Guyana","Guyana","Guyana","Guyana","Guyana","Guiana","Гайана","圭亚那","ガイアナ","غيانا"
"HK","HKG",38.9,2839,1990," + 0.7","Hong Kong","Hong Kong","Hong-Kong","Hong Kong","Hong Kong","Hong Kong","Гонконг","香港","香港","هونغ كونغ"
"HN","HND",0.3,28,1990,"-5.2","Honduras","Honduras","Honduras","Honduras","Honduras","Honduras","Гондурас","洪都拉斯","ホンジュラス","هندوراس"
"HR","HRV",13.6,577,1990," + 3.7","Croatia","Kroatien","Croatie","Croazia","Croacia","Croácia","Хорватия","克罗地亚","クロアチア","كرواتيا"
"HT","HTI",0.4,40,1990," + 0.1","Haiti","Haiti","Haiti","Haiti","Haití","Haiti","Гаити","海地","ハイチ","هايتي"
"HU","HUN",4.6,450,1990," + 1.2","Hungary","Ungarn","Hongrie","Ungheria","Hungría","Hungria","Венгрия","匈牙利","ハンガリー","هنغاريا"
"ID","IDN",0.1,329,1990,"-0.1","Indonesia","Indonesien","Indonésie","Indonesia","Indonesia","Indonésia","Индонезия","印度尼西亚","インドネシア","أندونيسيا"
"IE","IRL",15.9,746,1990," + 9.5","Ireland","Irland","Irlande","Irlanda","Irlanda","Irlanda","Ирландия","爱尔兰","アイルランド","أيرلندا"
"IL","ISR",24.9,2012,1990,"-11.3","Israel","Israel","Israël","Israele","Israel","Israel","Израиль","以色列","イスラエル","إسرائيل"
"IM","IMN",51.5,45,1990," + 2.1","Isle of Man","Isle of Man","Île de Man","Isola di Man","Isla de Man","Ilha de Man","Остров Мэн","马恩岛","マン島","جزيرة مان"
"IN","IND",0.4,5241,1990,"-0.5","India","Indien","Inde","India","India","Índia","Индия","印度","インド","الهند"
"IQ","IRQ",1,354,1990," + 0.5","Iraq","Irak","Iraq","Iraq","Irak","Iraque","Ирак","伊拉克","イラク","العراق"
"IR","IRN",3.4,2726,1990,"-4.2","Islamic Republic of Iran","Islamischen Republik Iran","République Islamique d'Iran","Iran","Irán","Irã","Иран, Исламская Республика","伊朗","イラン","إيران"
"IS","ISL",11.4,38,1990," + 7.6","Iceland","Island","Islande","Islanda","Islandia","Islândia","Исландия","冰岛","アイスランド","أيسلندا"
"IT","ITA",9.7,5789,1990," + 7.2","Italy","Italien","Italie","Italia","Italia","Itália","Италия","意大利","イタリア","إيطاليا"
"JG","CHI",50.3,82,1990," + 6.4",NA,NA,NA,NA,NA,NA,NA,NA,NA,NA
"JM","JAM",0.8,23,1990," + 0","Jamaica","Jamaika","Jamaïque","Giamaica","Jamaica","Jamaica","Ямайка","牙买加","ジャマイカ","جامايكا"
"JO","JOR",41,3112,1990," + 6.8","Jordan","Jordanien","Jordanie","Giordania","Jordania","Jordânia","Иордания","约旦","ヨルダン","الأردن"
"JP","JPN",1.6,2044,1990," + 0.7","Japan","Japan","Japon","Giappone","Japón","Japão","Япония","日本","日本","اليابان"
"KE","KEN",2.4,1084,1990," + 1.1","Kenya","Kenia","Kenya","Kenya","Kenia","Quênia","Кения","肯尼亚","ケニア","كينيا"
"KG","KGZ",3.4,204,1990,"-10.7","Kyrgyzstan","Kirgisistan","Kirghizistan","Kirghizistan","Kirguistán","Quirguistão","Кыргызстан","吉尔吉斯斯坦","キルギスタン","قيرغيزستان"
"KH","KHM",0.5,74,1990," + 0","Cambodia","Kambodscha","Cambodge","Cambogia","Camboya","Camboja","Камбоджа","柬埔寨","カンボジア","كمبوديا"
"KI","KIR",2.8,3,1990,"-0.2","Kiribati","Kiribati","Kiribati","Kiribati","Kiribati","Kiribati","Кирибати","基里巴斯","キリバス","كيريباس"
"KM","COM",1.6,13,1990,"-1.8","Comoros","Komoren","Comores","Isole Comore","Comoras","Comores","Коморские острова","科摩罗","コモロ","جزر القمر"
"KN","KNA",13.4,7,1990," + 5.5","Saint Kitts and Nevis","St. Kitts und Nevis","Saint-Kitts-et-Nevis","Saint Kitts e Nevis","San Cristóbal y Nieves","São Cristóvão e Nevis","Сент-Китс и Невис","圣基茨和尼维斯","セントクリストファー·ネーヴィス","سانت كيتس ونيفيس"
"KP",NA,0.2,48,1990," + 0",NA,NA,NA,NA,NA,NA,NA,NA,NA,NA
"KR","KOR",2.6,1327,1990," + 2.5","Republic of Korea","Republik Korea","République de Corée","Corea del Sud","República de Corea","República da Coreia","Республика Корея","韩国","大韓民国","كوريا"
"KW","KWT",73.6,2866,1990," + 21.5","Kuwait","Kuwait","Koweït","Kuwait","Kuwait","Kuweit","Кувейт","科威特","クウェート","الكويت"
"KY","CYM",39.6,24,1990," + 2","Cayman Islands","Cayman Inseln","Îles Caïmanes","Isole Cayman","Islas Caimán","Ilhas Cayman","Каймановы острова","开曼群岛","ケイマン諸島","جزر كايمان"
"KZ","KAZ",20.1,3547,1990,"-1.8","Kazakhstan","Kasachstan","Kazakhstan","Kazakistan","Kazajistán","Cazaquistão","Казахстан","哈萨克斯坦","カザフスタン","كازاخستان"
"LA","LAO",0.3,22,1990,"-0.2","Lao People's Democratic Republic","Demokratische Volksrepublik","République démocratique populaire lao","Laos","República Democrática Popular Laos","Laos","Лаосская Народно-Демократическая Республика","老挝","ラオス人民民主共和国","جمهورية لاو الديمقراطية الشعبية"
"LB","LBN",34.1,1998,1990," + 14.8","Lebanon","Libanon","Liban","Libano","Líbano","Líbano","Ливан","黎巴嫩","レバノン","لبنان"
"LC","LCA",6.9,13,1990," + 3.1","Saint Lucia","St. Lucia","Sainte-Lucie","Santa Lucia","Santa Lucía","St. Lucia","Сент-Люси́я","圣卢西亚","セントルシア","سانت لوسيا"
"LI","LIE",62.6,23,1990," + 24.7","Liechtenstein","Liechtenstein","Liechtenstein","Liechtenstein","Liechtenstein","Liechtenstein","Лихтенштейн","列支敦士登","リヒテンシュタイン","ليختنشتاين"
"LK","LKA",0.2,39,1990,"-0.1","Sri Lanka","Sri Lanka","Sri Lanka","Sri Lanka","Sri Lanka","Sri Lanka","Шри-Ланка","斯里兰卡","スリランカ","سيريلانكا"
"LR","LBR",2.5,114,1990,"-2","Liberia","Liberia","Libéria","Liberia","Liberia","Libéria","Либерия","利比里亚","リベリア","ليبيريا"
"LS","LSO",0.3,7,1990,"-0.2","Lesotho","Lesotho","Lesotho","Lesotho","Lesoto","Lesoto","Лесото","莱索托","レソト","ليسوتو"
"LT","LTU",4.7,136,1990,"-4.7","Lithuania","Litauen","Lituanie","Lituania","Lituania","Lituânia","Литва","立陶宛","リトアニア","ليتوانيا"
"LU","LUX",44,249,1990," + 14.2","Luxembourg","Luxemburg","Luxembourg","Lussemburgo","Luxemburgo","Luxemburgo","Люксембург","卢森堡","ルクセンブルク","لوكسمبورغ"
"LV","LVA",13.4,263,1990,"-10.9","Latvia","Lettland","Lettonie","Lettonia","Letonia","Letônia","Латвия","拉脱维亚","ラトビア","لاتفيا"
"LY","LBY",12.3,771,1990," + 1.9","Libya","Libyen","Libye","Libia","Libia","Líbia","Ливия","利比亚","リビア","ليبيا"
"MA","MAR",0.3,89,1990," + 0","Morocco","Marokko","Maroc","Marocco","Marruecos","Marrocos","Марокко","摩洛哥","モロッコ","المغرب"
"MC","MCO",55.8,21,1990,"-13.4","Monaco","Monaco","Monaco","Monaco","Mónaco","Mônaco","Монако","摩纳哥","モナコ","موناكو"
"MD","MDA",3.5,143,1990,"-9","Republic of Moldova","Moldawien","Moldavie","Moldavia","Moldavia","Moldávia","Республика Молдова","摩尔多瓦共和国","モルドバ","مولدافيا"
"ME","MNE",13.2,83,2010," + 0.6","Montenegro","Montenegro","Monténégro","Montenegro","Montenegro","Montenegro","Черногория","黑山共和国","モンテネグロ","الجبل الأسود"
"MG","MDG",0.1,32,1990,"-0.1","Madagascar","Madagaskar","Madagascar","Madagascar","Madagascar","Madagascar","Мадагаскар","马达加斯加","マダガスカル","مدغشقر"
"MH","MHL",6.2,3,1990," + 3.7","Marshall Islands","Marshall Islands","Îles Marshall","Isole Marshall","Islas Marshall","Ilhas Marshall","Маршалловы Острова","马绍尔群岛","マーシャル諸島","جزر مارشال"
"MK","MKD",6.3,131,1990," + 1.5","Former Yugoslav Republic of Macedonia","Ehemalige jugoslawische Republik Mazedonien","L'Ex-République yougoslave de Macédoine","Ex Repubblica jugoslava di Macedonia","Antigua república yugoslava de Macedonia","Antiga República Jugoslava da Macedónia","Бывшая югославская Республика Македония","马其顿","マケドニア·旧ユーゴスラビア共和国","مقدونيا"
"ML","MLI",2.1,363,1990," + 0.2","Mali","Mali","Mali","Mali","Malí","Mali","Мали","马里","マリ","مالي"
"MM","MMR",0.1,73,1990,"-0.2","Myanmar","Myanmar","Myanmar","Myanmar","Myanmar","Myanmar","Мьянма","缅甸","ミャンマー","ميانمار"
"MN","MNG",0.6,18,1990," + 0.3","Mongolia","Mongolei","Mongolie","Mongolia","Mongolia","Mongólia","Монголия","蒙古","モンゴル","منغوليا"
"MO","MAC",58.3,343,1990," + 1.3","Macao","Macao","Macao","Macao","Macao","Macau","Макао","澳门","マカオ","ماكاو"
"MP","MNP",39.3,22,1990,"-21.2","Northern Mariana Islands","Northern Mariana Islands","Îles Mariannes du Nord","Isole Marianne settentrionali","Islas Marianas Septentrionales","Ilhas Marianas do Norte","Северные Марианские острова","北马里亚纳群岛","北マリアナ諸島","جزر ماريانا الشمالية"
"MR","MRT",3.4,138,1990,"-2.1","Mauritania","Mauretanien","Mauritanie","Mauritania","Mauritania","Mauritânia","Мавритания","毛里塔尼亚","モーリタニア","موريتانيا"
"MT","MLT",9.9,41,1990," + 5.7","Malta","Malta","Malte","Malta","Malta","Malta","Мальта","马耳他","マルタ","مالطا"
"MU","MUS",2.2,29,1990," + 1.9","Mauritius","Mauritius","Maurice","Mauritius","Mauricio","Maurice","Маврикий","毛里求斯","モーリシャス","موريشيوس"
"MV","MDV",25.9,94,1990," + 22","Maldives","Malediven","Maldives","Maldive","Maldivas","Maldivas","Мальдивские Острова","马尔代夫","モルディブ","جزر المالديف"
"MW","MWI",1.2,215,1990,"-10.7","Malawi","Malawi","Malawi","Malawi","Malaui","Malavi","Малави","马拉维","マラウィ","ملاوي"
"MX","MEX",0.9,1193,1990," + 0.1","Mexico","Mexiko","Mexique","Messico","México","México","Мексика","墨西哥","メキシコ","المكسيك"
"MY","MYS",8.3,2514,1990," + 4.5","Malaysia","Malaysia","Malaisie","Malesia","Malasia","Malásia","Малайзия","马来西亚","マレーシア","ماليزيا"
"MZ","MOZ",0.8,223,1990,"-0.1","Mozambique","Mosambik","Mozambique","Mozambico","Mozambique","Moçambique","Мозамбик","莫桑比克","モザンビーク","موزمبيق"
"NC","NCL",24.4,64,1990," + 2.1","New Caledonia","Neu-Kaledonien","Nouvelle-Calédonie","Nuova Caledonia","Nueva Caledonia","Nova Caledônia","Новая Каледония","新喀里多尼亚","ニューカレドニア","كاليدونيا الجديدة"
"NE","NER",1,189,1990,"-0.5","Niger","Niger","Niger","Niger","Níger","Níger","Нигер","尼日尔","ニジェール","النيجر"
"NG","NGA",0.7,1199,1990," + 0.2","Nigeria","Nigeria","Nigéria","Nigeria","Nigeria","Nigéria","Нигерия","尼日利亚","ナイジェリア","نيجيريا"
"NI","NIC",0.7,40,1990,"-0.3","Nicaragua","Nicaragua","Nicaragua","Nicaragua","Nicaragua","Nicarágua","Никарагуа","尼加拉瓜","ニカラグア","نيكاراغوا"
"NL","NLD",11.7,1979,1990," + 3.8","Netherlands","Niederlande","Pays-Bas","Paesi Bassi","Países Bajos","Holanda","Нидерланды","荷兰","オランダ","هولندا"
"NO","NOR",14.2,742,1990," + 9.7","Norway","Norwegen","Norvège","Norvegia","Noruega","Noruega","Норвегия","挪威","ノルウェー","النرويج"
"NP","NPL",1.8,518,1990,"-0.5","Nepal","Nepal","Népal","Nepal","Nepal","Nepal","Непал","尼泊尔","ネパール","نيبال"
"NR",NA,31.1,3,1990," + 0.3",NA,NA,NA,NA,NA,NA,NA,NA,NA,NA
"NZ","NZL",23,1040,1990," + 7.7","New Zealand","Neuseeland","Nouvelle-Zélande","Nuova Zelanda","Nueva Zelandia","Nova Zelândia","Новая Зеландия","新西兰","ニュージーランド","نيوزيلندا"
"OE","OED",10,128022,1990," + 4.1","OECD members","OECD-Mitglieder","membres de l'OCDE","Membri dell'OCSE","Miembros de la OCDE","OCDE","Государства-члены ОЭСР","经合组织成员国","OECD加盟国","أعضاءOECD"
"OM","OMN",41.1,1845,1990," + 24.3","Oman","Oman","Oman","Oman","Omán","Omã","Оман","阿曼","オマーン","عُمان"
"PA","PAN",4.7,185,1990," + 2.2","Panama","Panama","Panama","Panama","Panamá","Panamá","Панама","巴拿马","パナマ","بناما"
"PE","PER",0.3,91,1990," + 0","Peru","Peru","Pérou","Perù","Perú","Peru","Перу","秘鲁","ペルー","بيرو"
"PF","PYF",10.6,30,1990,"-2.4","French Polynesia","Französisch Polynesien","Polynésie française","Polinesia francese","Polinesia Francesa","Polinésia Francesa","Французская Полинезия","法属波利尼西亚","仏領ポリネシア","بولينيزيا الفرنسية"
"PG","PNG",0.3,26,1990,"-0.4","Papua New Guinea","Papua-Neuguinea","Papouasie-Nouvelle-Guinée","Papua Nuova Guinea","Papúa Nueva Guinea","Papua Nova Guiné","Папуа-Новая Гвинея","巴布亚新几内亚","パプアニューギニア","بابوا غينيا الجديدة"
"PH","PHL",0.2,212,1990," + 0","Philippines","Philippinen","Philippines","Filippine","Filipinas","Filipinas","Филиппины","菲律宾","フィリピン","الفلبين"
"PK","PAK",1.9,3629,1990,"-3.8","Pakistan","Pakistan","Pakistan","Pakistan","Pakistán","Paquistão","Пакистан","巴基斯坦","パキスタン","باكستان"
"PL","POL",1.6,619,1990,"-1.3","Poland","Polen","Pologne","Polonia","Polonia","Polônia","Польша","波兰","ポーランド","بولندا"
"PR","PRI",7.5,275,1990,"-1.7","Puerto Rico","Puerto Rico","Porto Rico","Portorico","Puerto Rico","Porto Rico","Пуэрто-Рико","波多黎各","プエルトリコ","بويرتو ريكو"
"PS","PSE",5.5,256,1990,"-8.2","Occupied Palestinian Territory","Besetzte palästinensische Gebiete","Palestinien Occupé","Territori Palestinesi Occupati","Territorio Palestino Ocupado","Palestinos Ocupados","Оккупированная палестинская территория","巴勒斯坦被占领土","パレスチナ自治区","الأراضي الفلسطينية المحتلة"
"PT","PRT",8.1,837,1990," + 3.7","Portugal","Portugal","Portugal","Portogallo","Portugal","Portugal","Португалия","葡萄牙","ポルトガル","البرتغال"
"PW","PLW",26.6,6,1990," + 8","Palau","Palau","Palaos","Palau","Paláu","Palau","Палау","帕劳","パラオ","بالاو"
"PY","PRY",2.4,156,1990,"-2.3","Paraguay","Paraguay","Paraguay","Paraguay","Paraguay","Paraguai","Парагвай","巴拉圭","パラグアイ","باراغواي"
"QA","QAT",75.5,1688,1990," + 10.5","Qatar","Katar","Qatar","Qatar","Catar","Catar","Катар","卡塔尔","カタール","قطر"
"RO","ROU",1.2,227,1990," + 0.6","Romania","Rumänien","Roumanie","Romania","Rumania","Romênia","Румыния","罗马尼亚","ルーマニア","رومانيا"
"RS","SRB",9.1,807,1990," + 8.1","Serbia","Serbien","Serbie","Serbia","Serbia","Sérvia","Сербия","塞尔维亚","セルビア","صربيا"
"RU","RUS",8.1,11643,1990," + 0.3","Russian Federation","Russische Föderation","Fédération de Russie","Russia","Rusia","Federação Russa","Российская Федерация","俄罗斯","ロシア","روسيا"
"RW","RWA",3.8,442,1990," + 1.6","Rwanda","Ruanda","Rwanda","Ruanda","Ruanda","Ruanda","Руанда","卢旺达","ルワンダ","رواندا"
"S1","SST",12.1,4584,1990," + 4.1","Small states","Kleinstaaten","Les petits états","Piccolo Stati","Pequeños Estados","Pequenos estados","Малые страны","小国","小国","الدول الصغيرة"
"S2","PSS",2.1,48,1990,"-0.2","Pacific island small states","Pazifik-Insel Kleinstaaten","Petits états insulaires du Pacifique","Piccoli Stati insulari del Pacifico","Pequeños Estados insulares del Pacífico","Estados insulares pequenos do Pacífico","Полинезия","太平洋岛屿小国","太平洋島嶼小国","الدول الجزرية الصغيرة في المحيط الهادئ"
"S3","CSS",5,350,1990," + 1.5","Caribbean small states","Karibischen Kleinstaaten","Petits états des Caraïbes","Piccoli Stati caraibici","Pequeños Estados del Caribe","Pequenos Estados do Caribe","Малые страны Карибского бассейна","加勒比小国","カリブ海の小国","الدول الصغيرة في منطقة البحر الكاريبي"
"S4","OSS",14.7,4186,1990," + 4.5","Other small states","Andere Kleinstaaten","Autres petits états","Altri piccoli Stati","Otros pequeños Estados","Outros estados pequenos","Другие малые страны","其他小国","その他の小国","الدول الصغيرة الأخرى"
"SA","SAU",32.3,10186,1990," + 1.7","Saudi Arabia","Saudi-Arabien","Arabie Saoudite","Arabia Saudita","Arabia Saudita","Arábia Saudita","Саудовская Аравия","沙特阿拉伯","サウジアラビア","السعودية"
"SB","SLB",0.4,3,1990,"-0.9","Solomon Islands","Salomon-Inseln","Îles Salomon","Isole Salomone","Islas Salomón","Ilhas Salomão","Соломоновы Острова","所罗门群岛","ソロモン諸島","جزر سليمان"
"SC","SYC",13.3,13,1990," + 8","Seychelles","Seychellen","Seychelles","Seychelles","Seychelles","Seychelles","Сейшельские Острова","塞舌尔","セイシェル","سيشيل"
"SD","SDN",1.3,503,1990,"-5.8","Sudan","Sudan","Soudan","Sudan","Sudán","Sudão","Судан","苏丹","スーダン","السودان"
"SE","SWE",16.8,1640,1990," + 7.6","Sweden","Schweden","Suède","Svezia","Suecia","Suécia","Швеция","瑞典","スウェーデン","السويد"
"SG","SGP",45.4,2544,1990," + 21.3","Singapore","Singapur","Singapour","Singapore","Singapur","Cingapura","Сингапур","新加坡","シンガポール","سنغافورة"
"SI","SVN",11.4,236,1990," + 2.5","Slovenia","Slowenien","Slovénie","Slovenia","Eslovenia","Eslovênia","Словения","斯洛文尼亚","スロベニア","سلوفينيا"
"SK","SVK",3.3,177,1990," + 2.5","Slovakia","Slowakei","Slovaquie","Slovacchia","República Eslovaca","Eslováquia","Словакия","斯洛伐克","スロバキア","سلوفاكيا"
"SL","SLE",1.4,91,1990,"-4.2","Sierra Leone","Sierra Leone","Sierra Leone","Sierra Leone","Sierra Leona","Serra Leoa","Сьерра-Леоне","塞拉利昂","シエラレオネ","سيراليون"
"SM","SMR",14.8,5,1990," + 1.1","San Marino","San Marino","Saint-Marin","San Marino","San Marino","San Marino","Сан-Марино","圣马力诺","サン·マリノ","سان مارينو"
"SN","SEN",1.7,263,1990,"-1.9","Senegal","Senegal","Sénégal","Senegal","Senegal","Senegal","Сенегал","塞内加尔","セネガル","السنغال"
"SO","SOM",0.2,25,1990,"-7.3","Somalia","Somalia","Somalie","Somalia","Somalia","Somália","Сомали","索马里","ソマリア","الصومال"
"SR","SUR",8.6,47,1990," + 4.2","Suriname","Suriname","Suriname","Suriname","Suriname","Suriname","Суринам","苏里南","スリナム","سورينام"
"SS","SSD",6.7,824,2010," + 4.1","South Sudan","Süd-Sudan","Soudan du Sud","Sud Sudan","Sudán del Sur","Sudão do Sul","Южный Судан","南苏丹","南スーダン","جنوب السودان"
"ST","STP",1.3,2,1990,"-3.7","Sao Tome and Principe","Sao Tome und Principe","Sao Tomé-et-Principe","São Tomé e Príncipe","Santo Tomé y Príncipe","São Tomé e Príncipe","Сан-Томе и Принсипи","圣多美和普林西比","サントメプリンシペ","ساو تومي وبرينسيبي"
"SV","SLV",0.7,42,1990,"-0.2","El Salvador","El Salvador","El Salvador","El Salvador","El Salvador","El Salvador","Сальвадор","萨尔瓦多","エルサルバドル","السلفادور"
"SX","SXM",70.4,27,2005," + 30.2","Sint Maarten (Dutch part)","Sint Maarten (niederländischen Teil)","Saint-Martin (partie Néerlandaise)","Sint Maarten (Parte olandese)","San Martín (parte holandesa)","St. Martin (parte holandesa)","Синт-Ма́ртен (Нидерланды)","荷属圣马丁","シントマールテン島","سانت مارتن (الجزء الهولندي)"
"SY","SYR",4.7,875,1990,"-1","Syrian Arab Republic","Syrien","Syrie","Siria","Siria","Síria","Сирийская Арабская Республика","叙利亚","シリア","سوريا"
"SZ","SWZ",2.5,32,1990,"-5.9","Swaziland","Swaziland","Swaziland","Swaziland","Suazilandia","Suazilândia","Свазиленд","斯威士兰","スワジランド","سوازيلاند"
"T2",NA,1.4,8354,1990,"-0.1",NA,NA,NA,NA,NA,NA,NA,NA,NA,NA
"T3",NA,3.1,11172,1990,"-0.4",NA,NA,NA,NA,NA,NA,NA,NA,NA,NA
"T4",NA,0.4,8291,1990," + 0.3",NA,NA,NA,NA,NA,NA,NA,NA,NA,NA
"T5",NA,0.7,11377,1990,"-0.7",NA,NA,NA,NA,NA,NA,NA,NA,NA,NA
"T6",NA,1.9,18677,1990,"-1",NA,NA,NA,NA,NA,NA,NA,NA,NA,NA
"T7",NA,6.5,29325,1990,"-0.9",NA,NA,NA,NA,NA,NA,NA,NA,NA,NA
"TC","TCA",34,12,1990,"-9.8","Turks and Caicos Islands","Turks und Caicos Inseln","Îles Turks et Caïques","Turks e Caicos","Islas Turcas y Caicos","Ilhas Turcas e Caicos","Теркс и Ка́йкос","特克斯和凯科斯群岛","タークス·カイコス諸島","جزر تركس وكايكوس"
"TD","TCD",3.7,517,1990," + 2.4","Chad","Tschad","Tchad","Ciad","Chad","Chade","Чад","乍得","チャド","تشاد"
"TG","TGO",3.8,277,1990," + 1.5","Togo","Togo","Togo","Togo","Togo","Togo","Того","多哥","トーゴ","توغو"
"TH","THA",5.8,3913,1990," + 4.8","Thailand","Thailand","Thaïlande","Thailandia","Tailandia","Tailândia","Таиланд","泰国","タイ","تايلاند"
"TJ","TJK",3.2,275,1990,"-4.9","Tajikistan","Tadschikistan","Tadjikistan","Tagikistan","Tayikistán","Tajiquistão","Таджикистан","塔吉克斯坦","タジキスタン","طاجيكستان"
"TL","TLS",0.9,11,1990,"-0.3","Timor-Leste","Timor-Leste","Timor-Leste","Timor Est","Timor-Leste","Timor Leste","Восточный Тимор","东帝汶","東ティモール","تيمور الشرقية"
"TM","TKM",3.7,196,1990,"-4.7","Turkmenistan","Turkmenistan","Turkménistan","Turkmenistan","Turkmenistán","Turquemenistão","Туркменистан","土库曼斯坦","トルクメニスタン","تركمانستان"
"TN","TUN",0.5,57,1990," + 0","Tunisia","Tunesien","Tunisie","Tunisia","Túnez","Tunísia","Тунис","突尼斯","チュニジア","تونس"
"TO","TON",5.4,6,1990," + 2.3","Tonga","Tonga","Tonga","Tonga","Tonga","Tonga","Тонга","汤加","トンガ","تونغا"
"TR","TUR",3.8,2965,1990," + 1.6","Turkey","Türkei","Turquie","Turchia","Turquía","Turquia","Турция","土耳其","トルコ","البيرو"
"TT","TTO",3.7,50,1990,"-0.5","Trinidad and Tobago","Trinidad und Tobago","Trinité-et-Tobago","Trinidad e Tobago","Trinidad y Tobago","Trinidad e Tobago","Тринидад и Тобаго","特立尼达和多巴哥","トリニダード·トバゴ","ترينداد وتوباغو"
"TV","TUV",1.4,0,1990,"-2.1","Tuvalu","Tuvalu","Tuvalu","Tuvalu","Tuvalu","Tuvalu","Тувалу","图瓦卢","ツバル","توفالو"
"TZ","TZA",0.5,261,1990,"-1.8","United Republic of Tanzania","Tansania","Tanzanie","Tanzania","República Unida de Tanzanía","Tanzânia","Объединенная Республика Танзания","坦桑尼亚","タンザニア","تنزانيا"
"UA","UKR",10.8,4835,1990,"-2.6","Ukraine","Ukraine","Ukraine","Ucraina","Ucrania","Ucrânia","Украина","乌克兰","ウクライナ","أوكرانيا"
"UG","UGA",1.9,749,1990,"-1.3","Uganda","Uganda","Ouganda","Uganda","Uganda","Uganda","Уганда","乌干达","ウガンダ","أوغندا"
"US","USA",14.5,46627,1990," + 5.3","United States","Vereinigte Staaten","États-Unis","Stati Uniti d'America","Estados Unidos","Estados Unidos","Соединенные Штаты Америки","美国","米国","الولايات المتحدة"
"UY","URY",2.1,72,1990,"-1.1","Uruguay","Uruguay","Uruguay","Uruguay","Uruguay","Uruguai","Уругвай","乌拉圭","ウルグアイ","أوروغواي"
"UZ","UZB",3.9,1171,1990,"-4.1","Uzbekistan","Usbekistan","Ouzbékistan","Uzbekistan","Uzbekistán","Uzbequistão","Узбекистан","乌兹别克斯坦","ウズベキスタン","أوزبكستان"
"V1",NA,1.6,13349,1990,"-1.1",NA,NA,NA,NA,NA,NA,NA,NA,NA,NA
"V2",NA,1.6,50582,1990,"-0.5",NA,NA,NA,NA,NA,NA,NA,NA,NA,NA
"V3",NA,2.1,46600,1990," + 0.6",NA,NA,NA,NA,NA,NA,NA,NA,NA,NA
"V4",NA,12.1,132211,1990," + 4.8",NA,NA,NA,NA,NA,NA,NA,NA,NA,NA
"VC","VCT",4.2,5,1990," + 0.5","Saint Vincent and The Grenadines","St. Vincent und die Grenadinen","Saint-Vincent-et-les Grenadines","Saint Vincent e Grenadine","San Vicente y las Granadinas","São Vicente e Granadinas","Сент-Винсент и Гренадины","圣文森特和格林纳丁斯","セントビンセントおよびグレナディーン諸島","سانت فنسنت وجزر غرينادين"
"VE","VEN",4.5,1404,1990,"-0.6","Bolivarian Republic of Venezuela","Venezuela","Venezuela","Venezuela","Venezuela","Venezuela","Венесуэла, Боливарианская Республика","委内瑞拉","ベネズエラ","فنزويلا"
"VG",NA,57.5,17,1990," + 8.7",NA,NA,NA,NA,NA,NA,NA,NA,NA,NA
"VI","VIR",53.4,57,1990," + 3","U.S. Virgin Islands","US-Jungferninseln","Îles Vierges des États-Unis","Isole Vergini americane","Islas Vírgenes de Estados Unidos","Ilhas Virgens dos EUA","Виргинские острова США","美属维尔京群岛","米領バージン諸島","جزر فيرجن الأمريكية"
"VN","VNM",0.1,73,1990," + 0","Vietnam","Vietnam","Viet Nam","Vietnam","Vietnam","Vietnã","Вьетнам","越南","ベトナム","فيتنام"
"VU","VUT",1.2,3,1990,"-0.4","Vanuatu","Vanuatu","Vanuatu","Vanuatu","Vanuatu","Vanuatu","Вануату","瓦努阿图","バヌアツ","فانواتو"
"WS","WSM",2.6,5,1990," + 0.5","Samoa","Samoa","Samoa","Samoa","Samoa","Samoa","Самоа","萨摩亚","サモア","ساموا"
"XC","EMU",12.2,40935,1990," + 5.7","Eurozone","Euro-Raum","zone Euro","Eurozona","Eurozona","eurozona","Зона хождения евро","欧元区","ユーロ圏","منطقة اليورو"
"XD","HIC",13.6,157495,1990," + 5.9","High income","Hohes Einkommen","revenu élevé","Reddito alto","Ingreso alto","alta renda","Высокие доходы","高收入","高額所得","ذات الدخل المرتفع"
"XE","HPC",1.7,11941,1990,"-1.7","Heavily indebted poor countries","Hochverschuldeten armen Länder","Pays pauvres très endettés","Paesi fortemente indebitati","Países muy endeudados","Países pobres altamente endividados","Бедные страны с высоким уровнем задолженности","重债穷国","重債務貧困国","البلدان الفقيرة المثقلة بالديون"
"XF",NA,1.4,63370,1990,"-0.2",NA,NA,NA,NA,NA,NA,NA,NA,NA,NA
"XG",NA,1.5,23826,1990,"-1.3",NA,NA,NA,NA,NA,NA,NA,NA,NA,NA
"XH",NA,1.3,7670,1990,"-1.5",NA,NA,NA,NA,NA,NA,NA,NA,NA,NA
"XI",NA,1.5,16156,1990,"-1.1",NA,NA,NA,NA,NA,NA,NA,NA,NA,NA
"XJ",NA,1,5654,1990,"-0.2",NA,NA,NA,NA,NA,NA,NA,NA,NA,NA
"XL","LDC",1.3,11951,1990,"-0.9","Least developed countries: UN classification","Am wenigsten entwickelte Länder: UN Klassifikation","Pays les moins avancés: classement de l'ONU","Paesi meno sviluppati: la classifica delle Nazioni Unite","Los países menos desarrollados: clasificación de la ONU","Países menos desenvolvidos: classificação da ONU","Наименее развитые страны по классификации ООН","最不发达国家：联合国分类","少なくとも先進国：国連分類","أقل البلدان نموا:تصنيف الأمم المتحدة"
"XM","LIC",1.5,9383,1990,"-1.2","Low income","Niedriges Einkommen","faible revenu","Reddito basso","Ingreso bajo","baixa renda","Низкие доходы","低收入","低所得","دخل منخفض"
"XN","LMC",0.9,27074,1990,"-0.8","Lower middle income","Niedrigem mittleren Einkommen","Revenu moyen inférieur","Reddito medio basso","Ingreso medio bajo","Renda média inferior","Низкий средний доход","中等偏下收入","低中所得","ذات الدخل المتوسط ​​أقل"
"XO","LMY",1.4,83612,1990,"-0.4","Low & middle income","Low & mittlerem Einkommen","Revenu faible et intermédiaire","Reddito basso e medio","Ingreso bajo y medio","Baixa renda e intermediário","Низкий и средний доход","低与中等收入","低・中所得","ذات الدخل المنخفض والمتوسط"
"XP","MIC",1.4,74229,1990,"-0.3","Middle income","Mittleren Einkommen","revenu intermédiaire","Reddito medio","Ingreso medio ","renda intermediária","Средний доход","中等收入","中所得","ذات الدخل المتوسط"
"XQ",NA,3.1,11428,1990,"-0.5",NA,NA,NA,NA,NA,NA,NA,NA,NA,NA
"XT","UMC",1.8,47155,1990," + 0.2","Upper middle income","Oberen mittleren Einkommen","Revenu moyen supérieur","Reddito medio alto","Ingreso medio superior","Renda média superior","Высокий и средний уровень доходов","中高收入","上位中間層の所得","ذات الدخل المتوسط ​​الأعلى"
"XU","NAC",15.2,54482,1990," + 5.4","North America","Nordamerika","Amérique du Nord","Nord America","Norteamérica","América do Norte","Северная Америка","北美","北米","امريكا الشمالية"
"YE","YEM",1.3,344,1990," + 0.3","Yemen","Jemen","Yémen","Yemen","Yemen","Iêmen","Йемен","也门","イエメン","اليمن"
"Z4",NA,1.1,25557,1990," + 0.5",NA,NA,NA,NA,NA,NA,NA,NA,NA,NA
"Z7",NA,9.5,85289,1990," + 2.5",NA,NA,NA,NA,NA,NA,NA,NA,NA,NA
"ZA","ZAF",5.8,3143,1990," + 2.6","South Africa","Südafrika","Afrique du Sud","Sudafrica","Sudáfrica","África do Sul","Южная Африка","南非","南アフリカ","جنوب أفريقيا"
"ZF",NA,1.9,18664,1990,"-1",NA,NA,NA,NA,NA,NA,NA,NA,NA,NA
"ZG",NA,1.9,18677,1990,"-1",NA,NA,NA,NA,NA,NA,NA,NA,NA,NA
"ZJ",NA,1.4,8946,1990,"-0.2",NA,NA,NA,NA,NA,NA,NA,NA,NA,NA
"ZM","ZMB",0.8,128,1990,"-2.6","Zambia","Sambia","Zambie","Zambia","Zambia","Zâmbia","Замбия","赞比亚","ザンビア","زامبيا"
"ZQ",NA,9.2,38865,1990," + 2.1",NA,NA,NA,NA,NA,NA,NA,NA,NA,NA
"ZT",NA,1.4,87196,1990,"-0.4",NA,NA,NA,NA,NA,NA,NA,NA,NA,NA
"ZW","ZWE",2.6,399,1990,"-3.4","Zimbabwe","Zimbabwe","Zimbabwe","Zimbabwe","Zimbabue","Zimbábue","Зимбабве","津巴布韦","ジンバブエ","زيمبابوي"
